id;nom;prenom;cin;email;tel;adresse
1;Web parsing copying;Real Shore;Realigned deliver;Martina_Weimann@gmail.com;Tasty Borders compelling;Missouri Wooden innovative
2;Product Pants;alarm;North;Santiago_Tromp@gmail.com;Human;HTTP payment
3;Optimization protocol teal;Jersey;Port hub Intelligent;Maurine57@yahoo.com;Cheese;El of deposit
4;Corporate calculate;Chief edge;Quality;Kaya.Parker@gmail.com;Home Corporate Checking;Kuwait
5;Small 24/7;Legacy;enhance;Arch_Mills93@gmail.com;copying seize;Electronics
6;e-services applications;silver;frictionless;Pete.King93@gmail.com;program Metal Facilitator;bricks-and-clicks
7;Metal Facilitator;Response feed Chips;Web;Ruthie.Kerluke56@hotmail.com;drive deploy;Operations International
8;clicks-and-mortar;Loan Health;wireless;Lauryn_Champlin@gmail.com;Steel Wooden;Account
9;systems;Automotive program;AGP;Maryjane79@hotmail.com;synthesizing Directives;Reduced CSS
10;pixel Corners;HTTP;Ball;Ashlynn38@yahoo.com;turquoise;RSS Account
